p_sys_id,p_prov_agmt_read_ind,p_pccm_agmt_read_ind,p_req_clm_subm_eff_dt,p_qsp_last_grade_completed_cd,l_hibernate_ver_num,g_aud_add_ts,g_aud_add_user_id,g_aud_ts,g_aud_user_id,p_340b_ind,p_1099_ind,p_svc_area_dstnc_cd,p_pub_prov_ind,p_tp_agmt_read_ind,p_website,p_accept_new,p_telehealth,p_other_accom
1000344,N,N,,,0,2013-03-28 03:52:06.000000,Provider Conversion,2013-03-28 03:52:06.000000,Provider Conversion,N,Y,,N,N,,,,
1000345,N,N,,,5,2013-03-28 03:52:06.000000,Provider Conversion,2015-07-27 12:48:27.327000,JMLAGRO,N,Y,,N,N,,,,
1000346,N,N,,,0,2013-03-28 03:52:06.000000,Provider Conversion,2013-03-28 03:52:06.000000,Provider Conversion,N,Y,,N,N,,,,
1000347,N,N,,,4,2013-03-28 03:52:06.000000,Provider Conversion,2025-11-07 07:36:06.133000,LWICK,N,Y,,N,N,,N,N,
1000348,N,N,,,1,2013-03-28 03:52:06.000000,Provider Conversion,2025-12-05 10:57:09.041000,MLADAMS,N,Y,,N,N,,N,N,
1000349,N,N,,,0,2013-03-28 03:52:06.000000,Provider Conversion,2013-03-28 03:52:06.000000,Provider Conversion,N,Y,,N,N,,,,
1000350,N,N,,,3,2013-03-28 03:52:06.000000,Provider Conversion,2015-08-15 10:28:41.084000,ESTHERSHAHPAR,N,Y,,N,N,,,,
1000351,N,N,,,3,2013-03-28 03:52:06.000000,Provider Conversion,2015-07-20 10:27:46.320000,JMLAGRO,N,Y,,N,N,,,,
1000352,N,N,,,4,2013-03-28 03:52:06.000000,Provider Conversion,2025-11-21 16:43:18.619000,KAMELTZER,N,Y,,N,N,,N,N,
1000353,N,N,,,0,2013-03-28 03:52:06.000000,Provider Conversion,2013-03-28 03:52:06.000000,Provider Conversion,N,Y,,N,N,,,,
1000354,N,N,,,0,2013-03-28 03:52:06.000000,Provider Conversion,2013-03-28 03:52:06.000000,Provider Conversion,N,Y,,N,N,,,,
1000355,N,N,,,0,2013-03-28 03:52:06.000000,Provider Conversion,2013-03-28 03:52:06.000000,Provider Conversion,N,Y,,N,N,,,,
1000356,N,N,,,0,2013-03-28 03:52:06.000000,Provider Conversion,2013-03-28 03:52:06.000000,Provider Conversion,N,Y,,N,N,,,,
1000357,N,N,,,0,2013-03-28 03:52:06.000000,Provider Conversion,2013-03-28 03:52:06.000000,Provider Conversion,N,Y,,N,N,,,,
1000358,N,N,,,8,2013-03-28 03:52:06.000000,Provider Conversion,2025-06-26 06:40:21.119000,HRJOHNSON,N,Y,,N,N,,N,N,
1000359,N,N,,,2,2013-03-28 03:52:06.000000,Provider Conversion,2025-12-05 15:17:36.244000,ANDOLL,N,Y,,N,N,https://www.cincinnatichildrens.org,Y,N,
1000360,N,N,,,0,2013-03-28 03:52:06.000000,Provider Conversion,2013-03-28 03:52:06.000000,Provider Conversion,N,Y,,N,N,,,,
1000361,N,N,,,0,2013-03-28 03:52:06.000000,Provider Conversion,2013-03-28 03:52:06.000000,Provider Conversion,N,Y,,N,N,,,,
1000362,N,N,,,0,2013-03-28 03:52:06.000000,Provider Conversion,2013-03-28 03:52:06.000000,Provider Conversion,N,Y,,N,N,,,,
1000363,N,N,,,1,2013-03-28 03:52:06.000000,Provider Conversion,2025-09-28 07:48:20.845000,PEGBROSSART,N,Y,,N,N,,N,N,
1000364,N,N,,,1,2013-03-28 03:52:06.000000,Provider Conversion,2025-12-17 15:02:15.835000,JJUVE,N,Y,,N,N,www.trinityhealth.org,Y,N,
1000365,N,N,,,2,2013-03-28 03:52:06.000000,Provider Conversion,2015-03-11 07:21:58.352000,JMLAGRO,N,Y,,N,N,,,,
1000366,N,N,,,0,2013-03-28 03:52:06.000000,Provider Conversion,2013-03-28 03:52:06.000000,Provider Conversion,N,Y,,N,N,,,,
1000367,N,N,,,1,2013-03-28 03:52:06.000000,Provider Conversion,2025-11-21 12:48:30.041000,TOMEYER,N,Y,,N,N,,N,N,
1000368,N,N,,,7,2013-03-28 03:52:06.000000,Provider Conversion,2025-09-05 13:13:32.357000,DEDEMILLS,Y,Y,,N,N,NA,N,N,
1000369,N,N,,,0,2013-03-28 03:52:06.000000,Provider Conversion,2013-03-28 03:52:06.000000,Provider Conversion,N,Y,,N,N,,,,
1000370,N,N,,,4,2013-03-28 03:52:06.000000,Provider Conversion,2015-07-13 10:21:24.030000,JMLAGRO,N,Y,,N,N,,,,
1000371,N,N,,,3,2013-03-28 03:52:06.000000,Provider Conversion,2015-06-18 10:06:21.915000,JMLAGRO,N,Y,,N,N,,,,
1000372,N,N,,,6,2013-03-28 03:52:06.000000,Provider Conversion,2025-07-07 16:45:24.039000,KAMELTZER,N,Y,,N,N,,N,N,
1000373,N,N,,,0,2013-03-28 03:52:06.000000,Provider Conversion,2013-03-28 03:52:06.000000,Provider Conversion,N,Y,,N,N,,,,
1000374,N,N,,,3,2013-03-28 03:52:06.000000,Provider Conversion,2015-08-08 13:02:51.043000,ESTHERSHAHPAR,N,Y,,N,N,,,,
1000375,N,N,,,0,2013-03-28 03:52:06.000000,Provider Conversion,2013-03-28 03:52:06.000000,Provider Conversion,N,Y,,N,N,,,,
1000376,N,N,,,0,2013-03-28 03:52:06.000000,Provider Conversion,2013-03-28 03:52:06.000000,Provider Conversion,N,Y,,N,N,,,,
1000377,N,N,,,5,2013-03-28 03:52:06.000000,Provider Conversion,2025-11-11 12:03:24.976000,SHOWES,N,Y,,N,N,,N,N,
1000378,N,N,,,3,2013-03-28 03:52:06.000000,Provider Conversion,2025-08-15 12:58:50.300000,RDENNIS,N,Y,,N,N,,N,N,
1000379,N,N,,,0,2013-03-28 03:52:06.000000,Provider Conversion,2013-03-28 03:52:06.000000,Provider Conversion,N,Y,,N,N,,,,
1000380,N,N,,,0,2013-03-28 03:52:06.000000,Provider Conversion,2013-03-28 03:52:06.000000,Provider Conversion,N,Y,,N,N,,,,
1000381,N,N,,,0,2013-03-28 03:52:06.000000,Provider Conversion,2013-03-28 03:52:06.000000,Provider Conversion,N,Y,,N,N,,,,
1000382,N,N,,,4,2013-03-28 03:52:06.000000,Provider Conversion,2015-08-21 09:18:37.887000,THENDERSON,N,Y,,N,N,,,,
1000383,N,N,,,0,2013-03-28 03:52:06.000000,Provider Conversion,2013-03-28 03:52:06.000000,Provider Conversion,N,Y,,N,N,,,,
1000384,N,N,,,0,2013-03-28 03:52:06.000000,Provider Conversion,2013-03-28 03:52:06.000000,Provider Conversion,N,Y,,N,N,,,,
1000385,N,N,,,1,2013-03-28 03:52:06.000000,Provider Conversion,2015-08-12 13:22:49.021000,CAROLREEVES,N,Y,,N,N,,,,
1000386,N,N,,,0,2013-03-28 03:52:06.000000,Provider Conversion,2013-03-28 03:52:06.000000,Provider Conversion,N,Y,,N,N,,,,
1000387,N,N,,,0,2013-03-28 03:52:06.000000,Provider Conversion,2013-03-28 03:52:06.000000,Provider Conversion,N,Y,,N,N,,,,
1000388,N,N,,,2,2013-03-28 03:52:06.000000,Provider Conversion,2015-02-24 20:09:57.003000,MMANYGUNS,N,Y,,N,N,,,,
1000389,N,N,,,2,2013-03-28 03:52:06.000000,Provider Conversion,2015-03-30 13:46:52.518000,MMANYGUNS,N,Y,,N,N,,,,
1000390,N,N,,,0,2013-03-28 03:52:06.000000,Provider Conversion,2013-03-28 03:52:06.000000,Provider Conversion,N,Y,,N,N,,,,
1000391,N,N,,,0,2013-03-28 03:52:06.000000,Provider Conversion,2013-03-28 03:52:06.000000,Provider Conversion,N,Y,,N,N,,,,
1000392,N,N,,,0,2013-03-28 03:52:06.000000,Provider Conversion,2013-03-28 03:52:06.000000,Provider Conversion,N,Y,,N,N,,,,
1000393,N,N,,,0,2013-03-28 03:52:06.000000,Provider Conversion,2013-03-28 03:52:06.000000,Provider Conversion,N,Y,,N,N,,,,
1000394,N,N,,,1,2013-03-28 03:52:06.000000,Provider Conversion,2025-09-29 11:27:06.936000,PEGBROSSART,N,Y,,N,N,,N,N,
1000395,N,N,,,0,2013-03-28 03:52:06.000000,Provider Conversion,2013-03-28 03:52:06.000000,Provider Conversion,N,Y,,N,N,,,,
1000396,N,N,,,2,2013-03-28 03:52:06.000000,Provider Conversion,2015-06-23 13:48:11.561000,ESTHERSHAHPAR,N,Y,,N,N,,,,
1000397,N,N,,,0,2013-03-28 03:52:06.000000,Provider Conversion,2013-03-28 03:52:06.000000,Provider Conversion,N,Y,,N,N,,,,
1000398,N,N,,,1,2013-03-28 03:52:06.000000,Provider Conversion,2015-03-26 14:48:19.909000,MMANYGUNS,N,Y,,N,N,,,,
1000399,N,N,,,1,2013-03-28 03:52:06.000000,Provider Conversion,2025-07-28 12:06:50.522000,DEDEMILLS,N,Y,,N,N,,N,N,
1000400,N,N,,,0,2013-03-28 03:52:06.000000,Provider Conversion,2013-03-28 03:52:06.000000,Provider Conversion,N,Y,,N,N,,,,
1000401,N,N,,,0,2013-03-28 03:52:06.000000,Provider Conversion,2013-03-28 03:52:06.000000,Provider Conversion,N,Y,,N,N,,,,
1000402,N,N,,,4,2013-03-28 03:52:06.000000,Provider Conversion,2015-02-20 08:23:47.629000,JMLAGRO,N,Y,,N,N,,,,
1000403,N,N,,,0,2013-03-28 03:52:06.000000,Provider Conversion,2013-03-28 03:52:06.000000,Provider Conversion,N,Y,,N,N,,,,
1000404,N,N,,,2,2013-03-28 03:52:06.000000,Provider Conversion,2015-06-29 13:36:21.464000,ESTHERSHAHPAR,N,Y,,N,N,,,,
1000405,N,N,,,0,2013-03-28 03:52:06.000000,Provider Conversion,2013-03-28 03:52:06.000000,Provider Conversion,N,Y,,N,N,,,,
1000406,N,N,,,0,2013-03-28 03:52:06.000000,Provider Conversion,2013-03-28 03:52:06.000000,Provider Conversion,N,Y,,N,N,,,,
1000407,N,N,,,1,2013-03-28 03:52:06.000000,Provider Conversion,2015-07-23 13:17:49.413000,USHASHA,N,Y,,N,N,,,,
1000408,N,N,,,0,2013-03-28 03:52:06.000000,Provider Conversion,2013-03-28 03:52:06.000000,Provider Conversion,N,Y,,N,N,,,,
1000409,N,N,,,0,2013-03-28 03:52:06.000000,Provider Conversion,2013-03-28 03:52:06.000000,Provider Conversion,N,Y,,N,N,,,,
1000410,N,N,,,2,2013-03-28 03:52:06.000000,Provider Conversion,2015-08-21 10:36:47.004000,THENDERSON,N,Y,,N,N,,,,
1000411,N,N,,,3,2013-03-28 03:52:06.000000,Provider Conversion,2015-08-21 10:39:38.933000,THENDERSON,N,Y,,N,N,,,,
1000412,N,N,,,5,2013-03-28 03:52:06.000000,Provider Conversion,2015-08-21 09:10:58.914000,THENDERSON,N,Y,,N,N,,,,
1000413,N,N,,,0,2013-03-28 03:52:06.000000,Provider Conversion,2013-03-28 03:52:06.000000,Provider Conversion,N,Y,,N,N,,,,
1000414,N,N,,,5,2013-03-28 03:52:06.000000,Provider Conversion,2026-02-10 14:06:51.783000,KAMELTZER,N,Y,,N,N,,N,N,
1000415,N,N,,,0,2013-03-28 03:52:06.000000,Provider Conversion,2013-03-28 03:52:06.000000,Provider Conversion,N,Y,,N,N,,,,
1000416,N,N,,,1,2013-03-28 03:52:06.000000,Provider Conversion,2025-12-15 06:06:51.466000,RDENNIS,N,Y,,N,N,,N,N,
1000417,N,N,,,0,2013-03-28 03:52:06.000000,Provider Conversion,2013-03-28 03:52:06.000000,Provider Conversion,N,Y,,N,N,,,,
1000418,N,N,,,3,2013-03-28 03:52:06.000000,Provider Conversion,2015-05-04 12:05:31.280000,BRENDAPEREZESCOB,N,Y,,N,N,,,,
1000419,N,N,,,10,2013-03-28 03:52:06.000000,Provider Conversion,2015-08-21 09:07:52.107000,THENDERSON,N,Y,,N,N,,,,
1000420,N,N,,,4,2013-03-28 03:52:06.000000,Provider Conversion,2015-08-21 09:05:46.643000,THENDERSON,N,Y,,N,N,,,,
1000421,N,N,,,4,2013-03-28 03:52:06.000000,Provider Conversion,2015-08-21 09:11:49.134000,THENDERSON,N,Y,,N,N,,,,
1000422,N,N,,,2,2013-03-28 03:52:06.000000,Provider Conversion,2026-01-29 13:57:52.441000,TDGROTH,N,Y,,N,N,,N,N,
1000423,N,N,,,2,2013-03-28 03:52:06.000000,Provider Conversion,2026-01-27 09:19:30.613000,TDGROTH,N,Y,,N,N,,N,N,
1000424,N,N,,,0,2013-03-28 03:52:06.000000,Provider Conversion,2013-03-28 03:52:06.000000,Provider Conversion,N,Y,,N,N,,,,
1000425,N,N,,,0,2013-03-28 03:52:06.000000,Provider Conversion,2013-03-28 03:52:06.000000,Provider Conversion,N,Y,,N,N,,,,
1000426,N,N,,,0,2013-03-28 03:52:06.000000,Provider Conversion,2013-03-28 03:52:06.000000,Provider Conversion,N,Y,,N,N,,,,
1000427,N,N,,,0,2013-03-28 03:52:06.000000,Provider Conversion,2013-03-28 03:52:06.000000,Provider Conversion,N,Y,,N,N,,,,
1000428,N,N,,,2,2013-03-28 03:52:06.000000,Provider Conversion,2025-11-07 07:40:39.647000,LWICK,N,Y,,N,N,,N,N,
1000429,N,N,,,1,2013-03-28 03:52:06.000000,Provider Conversion,2025-07-07 11:07:50.180000,SHOWES,N,Y,,N,N,,N,N,
1000000,N,N,,,0,2013-03-28 03:52:06.000000,Provider Conversion,2013-03-28 03:52:06.000000,Provider Conversion,N,Y,,N,N,,,,
1000001,N,N,,,0,2013-03-28 03:52:06.000000,Provider Conversion,2013-03-28 03:52:06.000000,Provider Conversion,N,Y,,N,N,,,,
1000002,N,N,,,0,2013-03-28 03:52:06.000000,Provider Conversion,2013-03-28 03:52:06.000000,Provider Conversion,N,Y,,N,N,,,,
1000003,N,N,,,0,2013-03-28 03:52:06.000000,Provider Conversion,2013-03-28 03:52:06.000000,Provider Conversion,N,Y,,N,N,,,,
1000004,N,N,,,2,2013-03-28 03:52:06.000000,Provider Conversion,2026-02-17 10:17:56.300000,DEDEMILLS,N,Y,,N,N,NA,Y,N,
1000005,N,N,,,0,2013-03-28 03:52:06.000000,Provider Conversion,2013-03-28 03:52:06.000000,Provider Conversion,N,Y,,N,N,,,,
1000006,N,N,,,0,2013-03-28 03:52:06.000000,Provider Conversion,2013-03-28 03:52:06.000000,Provider Conversion,N,Y,,N,N,,,,
1000007,N,N,,,0,2013-03-28 03:52:06.000000,Provider Conversion,2013-03-28 03:52:06.000000,Provider Conversion,N,Y,,N,N,,,,
1000008,N,N,,,0,2013-03-28 03:52:06.000000,Provider Conversion,2013-03-28 03:52:06.000000,Provider Conversion,N,Y,,N,N,,,,
1000009,N,N,,,0,2013-03-28 03:52:06.000000,Provider Conversion,2013-03-28 03:52:06.000000,Provider Conversion,N,Y,,N,N,,,,
1000010,N,N,,,0,2013-03-28 03:52:06.000000,Provider Conversion,2013-03-28 03:52:06.000000,Provider Conversion,N,Y,,N,N,,,,
1000011,N,N,,,0,2013-03-28 03:52:06.000000,Provider Conversion,2013-03-28 03:52:06.000000,Provider Conversion,N,Y,,N,N,,,,
1000012,N,N,,,0,2013-03-28 03:52:06.000000,Provider Conversion,2013-03-28 03:52:06.000000,Provider Conversion,N,Y,,N,N,,,,
1000013,N,N,,,0,2013-03-28 03:52:06.000000,Provider Conversion,2013-03-28 03:52:06.000000,Provider Conversion,N,Y,,N,N,,,,
1000014,N,N,,,0,2013-03-28 03:52:06.000000,Provider Conversion,2013-03-28 03:52:06.000000,Provider Conversion,N,Y,,N,N,,,,
1000015,N,N,,,0,2013-03-28 03:52:06.000000,Provider Conversion,2013-03-28 03:52:06.000000,Provider Conversion,N,Y,,N,N,,,,
1000016,N,N,,,0,2013-03-28 03:52:06.000000,Provider Conversion,2013-03-28 03:52:06.000000,Provider Conversion,N,Y,,N,N,,,,
1000017,N,N,,,0,2013-03-28 03:52:06.000000,Provider Conversion,2013-03-28 03:52:06.000000,Provider Conversion,N,Y,,N,N,,,,
1000018,N,N,,,0,2013-03-28 03:52:06.000000,Provider Conversion,2013-03-28 03:52:06.000000,Provider Conversion,N,Y,,N,N,,,,
1000019,N,N,,,0,2013-03-28 03:52:06.000000,Provider Conversion,2013-03-28 03:52:06.000000,Provider Conversion,N,Y,,N,N,,,,
1000020,N,N,,,1,2013-03-28 03:52:06.000000,Provider Conversion,2015-03-10 12:04:55.428000,MMANYGUNS,N,Y,,N,N,,,,
1000021,N,N,,,0,2013-03-28 03:52:06.000000,Provider Conversion,2013-03-28 03:52:06.000000,Provider Conversion,N,Y,,N,N,,,,
1000022,N,N,,,0,2013-03-28 03:52:06.000000,Provider Conversion,2013-03-28 03:52:06.000000,Provider Conversion,N,Y,,N,N,,,,
1000023,N,N,,,1,2013-03-28 03:52:06.000000,Provider Conversion,2025-10-02 09:04:46.335000,TDGROTH,N,Y,,N,N,,N,N,
1000024,N,N,,,0,2013-03-28 03:52:06.000000,Provider Conversion,2013-03-28 03:52:06.000000,Provider Conversion,N,Y,,N,N,,,,
1000025,N,N,,,0,2013-03-28 03:52:06.000000,Provider Conversion,2013-03-28 03:52:06.000000,Provider Conversion,N,Y,,N,N,,,,
1000026,N,N,,,0,2013-03-28 03:52:06.000000,Provider Conversion,2013-03-28 03:52:06.000000,Provider Conversion,N,Y,,N,N,,,,
1000027,N,N,,,0,2013-03-28 03:52:06.000000,Provider Conversion,2013-03-28 03:52:06.000000,Provider Conversion,N,Y,,N,N,,,,
1000028,N,N,,,0,2013-03-28 03:52:06.000000,Provider Conversion,2013-03-28 03:52:06.000000,Provider Conversion,N,Y,,N,N,,,,
1000029,N,N,,,0,2013-03-28 03:52:06.000000,Provider Conversion,2013-03-28 03:52:06.000000,Provider Conversion,N,Y,,N,N,,,,
1000030,N,N,,,0,2013-03-28 03:52:06.000000,Provider Conversion,2013-03-28 03:52:06.000000,Provider Conversion,N,Y,,N,N,,,,
1000031,N,N,,,7,2013-03-28 03:52:06.000000,Provider Conversion,2015-08-21 10:56:02.917000,THENDERSON,N,Y,,N,N,,,,
1000032,N,N,,,0,2013-03-28 03:52:06.000000,Provider Conversion,2013-03-28 03:52:06.000000,Provider Conversion,N,Y,,N,N,,,,
1000033,N,N,,,0,2013-03-28 03:52:06.000000,Provider Conversion,2013-03-28 03:52:06.000000,Provider Conversion,N,Y,,N,N,,,,
1000034,N,N,,,0,2013-03-28 03:52:06.000000,Provider Conversion,2013-03-28 03:52:06.000000,Provider Conversion,N,Y,,N,N,,,,
1000035,N,N,,,0,2013-03-28 03:52:06.000000,Provider Conversion,2013-03-28 03:52:06.000000,Provider Conversion,N,Y,,N,N,,,,
1000036,N,N,,,0,2013-03-28 03:52:06.000000,Provider Conversion,2013-03-28 03:52:06.000000,Provider Conversion,N,Y,,N,N,,,,
1000037,N,N,,,0,2013-03-28 03:52:06.000000,Provider Conversion,2013-03-28 03:52:06.000000,Provider Conversion,N,Y,,N,N,,,,
1000038,N,N,,,0,2013-03-28 03:52:06.000000,Provider Conversion,2013-03-28 03:52:06.000000,Provider Conversion,N,Y,,N,N,,,,
1000039,N,N,,,0,2013-03-28 03:52:06.000000,Provider Conversion,2013-03-28 03:52:06.000000,Provider Conversion,N,Y,,N,N,,,,
1000040,N,N,,,0,2013-03-28 03:52:06.000000,Provider Conversion,2013-03-28 03:52:06.000000,Provider Conversion,N,Y,,N,N,,,,
1000041,N,N,,,0,2013-03-28 03:52:06.000000,Provider Conversion,2013-03-28 03:52:06.000000,Provider Conversion,N,Y,,N,N,,,,
1000042,N,N,,,0,2013-03-28 03:52:06.000000,Provider Conversion,2013-03-28 03:52:06.000000,Provider Conversion,N,Y,,N,N,,,,
1000043,N,N,,,5,2013-03-28 03:52:06.000000,Provider Conversion,2025-07-25 11:17:15.421000,ANDOLL,Y,Y,,N,N,sanfordhealth.org,Y,N,
1000044,N,N,,,0,2013-03-28 03:52:06.000000,Provider Conversion,2013-03-28 03:52:06.000000,Provider Conversion,N,Y,,N,N,,,,
1000045,N,N,,,0,2013-03-28 03:52:06.000000,Provider Conversion,2013-03-28 03:52:06.000000,Provider Conversion,N,Y,,N,N,,,,
1000046,N,N,,,0,2013-03-28 03:52:06.000000,Provider Conversion,2013-03-28 03:52:06.000000,Provider Conversion,N,Y,,N,N,,,,
1000047,N,N,,,0,2013-03-28 03:52:06.000000,Provider Conversion,2013-03-28 03:52:06.000000,Provider Conversion,N,Y,,N,N,,,,
1000048,N,N,,,0,2013-03-28 03:52:06.000000,Provider Conversion,2013-03-28 03:52:06.000000,Provider Conversion,N,Y,,N,N,,,,
1000049,N,N,,,1,2013-03-28 03:52:06.000000,Provider Conversion,2015-08-20 10:58:02.841000,JMLAGRO,N,Y,,N,N,,,,
1000050,N,N,,,1,2013-03-28 03:52:06.000000,Provider Conversion,2015-08-20 10:59:25.680000,JMLAGRO,N,Y,,N,N,,,,
1000051,N,N,,,0,2013-03-28 03:52:06.000000,Provider Conversion,2013-03-28 03:52:06.000000,Provider Conversion,N,Y,,N,N,,,,
1000052,N,N,,,0,2013-03-28 03:52:06.000000,Provider Conversion,2013-03-28 03:52:06.000000,Provider Conversion,N,Y,,N,N,,,,
1000053,N,N,,,0,2013-03-28 03:52:06.000000,Provider Conversion,2013-03-28 03:52:06.000000,Provider Conversion,N,Y,,N,N,,,,
1000054,N,N,,,0,2013-03-28 03:52:06.000000,Provider Conversion,2013-03-28 03:52:06.000000,Provider Conversion,N,Y,,N,N,,,,
1000055,N,N,,,0,2013-03-28 03:52:06.000000,Provider Conversion,2013-03-28 03:52:06.000000,Provider Conversion,N,Y,,N,N,,,,
1000056,N,N,,,3,2013-03-28 03:52:06.000000,Provider Conversion,2015-06-29 10:27:54.251000,JMLAGRO,N,Y,,N,N,,,,
1000057,N,N,,,0,2013-03-28 03:52:06.000000,Provider Conversion,2013-03-28 03:52:06.000000,Provider Conversion,N,Y,,N,N,,,,
1000058,N,N,,,0,2013-03-28 03:52:06.000000,Provider Conversion,2013-03-28 03:52:06.000000,Provider Conversion,N,Y,,N,N,,,,
1000059,N,N,,,0,2013-03-28 03:52:06.000000,Provider Conversion,2013-03-28 03:52:06.000000,Provider Conversion,N,Y,,N,N,,,,
1000060,N,N,,,0,2013-03-28 03:52:06.000000,Provider Conversion,2013-03-28 03:52:06.000000,Provider Conversion,N,Y,,N,N,,,,
1000061,N,N,,,0,2013-03-28 03:52:06.000000,Provider Conversion,2013-03-28 03:52:06.000000,Provider Conversion,N,Y,,N,N,,,,
1000062,N,N,,,0,2013-03-28 03:52:06.000000,Provider Conversion,2013-03-28 03:52:06.000000,Provider Conversion,N,Y,,N,N,,,,
1000063,N,N,,,2,2013-03-28 03:52:06.000000,Provider Conversion,2015-03-18 08:05:33.507000,JMLAGRO,N,Y,,N,N,,,,
1000064,N,N,,,0,2013-03-28 03:52:06.000000,Provider Conversion,2013-03-28 03:52:06.000000,Provider Conversion,N,Y,,N,N,,,,
1000065,N,N,,,0,2013-03-28 03:52:06.000000,Provider Conversion,2013-03-28 03:52:06.000000,Provider Conversion,N,Y,,N,N,,,,
1000066,N,N,,,0,2013-03-28 03:52:06.000000,Provider Conversion,2013-03-28 03:52:06.000000,Provider Conversion,N,Y,,N,N,,,,
1000067,N,N,,,0,2013-03-28 03:52:06.000000,Provider Conversion,2013-03-28 03:52:06.000000,Provider Conversion,N,Y,,N,N,,,,
1000068,N,N,,,2,2013-03-28 03:52:06.000000,Provider Conversion,2026-03-27 13:21:38.063000,ANDOLL,Y,Y,,N,N,N/A,Y,Y,
1000069,N,N,,,1,2013-03-28 03:52:06.000000,Provider Conversion,2025-07-29 05:30:36.675000,DEDEMILLS,N,Y,,N,N,,N,N,
1000070,N,N,,,1,2013-03-28 03:52:06.000000,Provider Conversion,2025-07-28 10:55:25.797000,DEDEMILLS,N,Y,,N,N,,N,N,
1000071,N,N,,,0,2013-03-28 03:52:06.000000,Provider Conversion,2013-03-28 03:52:06.000000,Provider Conversion,N,Y,,N,N,,,,
1000072,N,N,,,0,2013-03-28 03:52:06.000000,Provider Conversion,2013-03-28 03:52:06.000000,Provider Conversion,N,Y,,N,N,,,,
1000073,N,N,,,0,2013-03-28 03:52:06.000000,Provider Conversion,2013-03-28 03:52:06.000000,Provider Conversion,N,Y,,N,N,,,,
1000074,N,N,,,1,2013-03-28 03:52:06.000000,Provider Conversion,2025-07-09 08:44:08.181000,NICOLERICHTER,N,Y,,N,N,,N,N,
1000075,N,N,,,0,2013-03-28 03:52:06.000000,Provider Conversion,2013-03-28 03:52:06.000000,Provider Conversion,N,Y,,N,N,,,,
1000076,N,N,,,0,2013-03-28 03:52:06.000000,Provider Conversion,2013-03-28 03:52:06.000000,Provider Conversion,N,Y,,N,N,,,,
1000077,N,N,,,0,2013-03-28 03:52:06.000000,Provider Conversion,2013-03-28 03:52:06.000000,Provider Conversion,N,Y,,N,N,,,,
1000078,N,N,,,0,2013-03-28 03:52:06.000000,Provider Conversion,2013-03-28 03:52:06.000000,Provider Conversion,N,Y,,N,N,,,,
1000079,N,N,,,0,2013-03-28 03:52:06.000000,Provider Conversion,2013-03-28 03:52:06.000000,Provider Conversion,N,Y,,N,N,,,,
1000080,N,N,,,0,2013-03-28 03:52:06.000000,Provider Conversion,2013-03-28 03:52:06.000000,Provider Conversion,N,Y,,N,N,,,,
1000081,N,N,,,0,2013-03-28 03:52:06.000000,Provider Conversion,2013-03-28 03:52:06.000000,Provider Conversion,N,Y,,N,N,,,,
1000082,N,N,,,0,2013-03-28 03:52:06.000000,Provider Conversion,2013-03-28 03:52:06.000000,Provider Conversion,N,Y,,N,N,,,,
1000083,N,N,,,2,2013-03-28 03:52:06.000000,Provider Conversion,2025-09-18 13:47:51.832000,THENDERSON,N,Y,,N,N,,N,N,
1000084,N,N,,,0,2013-03-28 03:52:06.000000,Provider Conversion,2013-03-28 03:52:06.000000,Provider Conversion,N,Y,,N,N,,,,
1000085,N,N,,,0,2013-03-28 03:52:06.000000,Provider Conversion,2013-03-28 03:52:06.000000,Provider Conversion,N,Y,,N,N,,,,
1000086,N,N,,,2,2013-03-28 03:52:06.000000,Provider Conversion,2015-07-06 12:07:58.661000,MMANYGUNS,N,Y,,N,N,,,,
1000087,N,N,,,1,2013-03-28 03:52:06.000000,Provider Conversion,2025-07-25 10:05:07.063000,TJJACKSON,N,Y,,N,N,,N,N,
1000088,N,N,,,1,2013-03-28 03:52:06.000000,Provider Conversion,2025-07-25 10:49:14.914000,TJJACKSON,N,Y,,N,N,,N,N,
1000089,N,N,,,0,2013-03-28 03:52:06.000000,Provider Conversion,2013-03-28 03:52:06.000000,Provider Conversion,N,Y,,N,N,,,,
1000090,N,N,,,0,2013-03-28 03:52:06.000000,Provider Conversion,2013-03-28 03:52:06.000000,Provider Conversion,N,Y,,N,N,,,,
1000091,N,N,,,3,2013-03-28 03:52:06.000000,Provider Conversion,2025-08-26 10:12:37.278000,NICOLERICHTER,N,Y,,N,N,NA,N,N,
1000092,N,N,,,0,2013-03-28 03:52:06.000000,Provider Conversion,2013-03-28 03:52:06.000000,Provider Conversion,N,Y,,N,N,,,,
1000093,N,N,,,0,2013-03-28 03:52:06.000000,Provider Conversion,2013-03-28 03:52:06.000000,Provider Conversion,N,Y,,N,N,,,,
1000094,N,N,,,0,2013-03-28 03:52:06.000000,Provider Conversion,2013-03-28 03:52:06.000000,Provider Conversion,N,Y,,N,N,,,,
1000095,N,N,,,0,2013-03-28 03:52:06.000000,Provider Conversion,2013-03-28 03:52:06.000000,Provider Conversion,N,Y,,N,N,,,,
1000096,N,N,,,0,2013-03-28 03:52:06.000000,Provider Conversion,2013-03-28 03:52:06.000000,Provider Conversion,N,Y,,N,N,,,,
1000097,N,N,,,4,2013-03-28 03:52:06.000000,Provider Conversion,2025-07-24 15:17:02.086000,HRJOHNSON,N,Y,,N,N,,N,N,
1000098,N,N,,,4,2013-03-28 03:52:06.000000,Provider Conversion,2025-07-25 12:40:18.189000,DEDEMILLS,Y,Y,,N,N,NA,Y,Y,
1000099,N,N,,,3,2013-03-28 03:52:06.000000,Provider Conversion,2025-08-19 13:50:25.793000,THENDERSON,Y,Y,,N,N,,N,N,
1000100,N,N,,,3,2013-03-28 03:52:06.000000,Provider Conversion,2015-08-04 10:12:21.258000,JMLAGRO,N,Y,,N,N,,,,
1000101,N,N,,,4,2013-03-28 03:52:06.000000,Provider Conversion,2015-03-13 13:07:20.984000,MMANYGUNS,N,Y,,N,N,,,,
1000102,N,N,,,0,2013-03-28 03:52:06.000000,Provider Conversion,2013-03-28 03:52:06.000000,Provider Conversion,N,Y,,N,N,,,,
1000103,N,N,,,0,2013-03-28 03:52:06.000000,Provider Conversion,2013-03-28 03:52:06.000000,Provider Conversion,N,Y,,N,N,,,,
1000104,N,N,,,0,2013-03-28 03:52:06.000000,Provider Conversion,2013-03-28 03:52:06.000000,Provider Conversion,N,Y,,N,N,,,,
1000105,N,N,,,1,2013-03-28 03:52:06.000000,Provider Conversion,2025-07-21 14:49:51.855000,NICOLERICHTER,N,Y,,N,N,,N,N,
1000106,N,N,,,4,2013-03-28 03:52:06.000000,Provider Conversion,2026-03-31 14:11:46.352000,PEGBROSSART,N,Y,,N,N,N/A,N,N,
1000107,N,N,,,0,2013-03-28 03:52:06.000000,Provider Conversion,2013-03-28 03:52:06.000000,Provider Conversion,N,Y,,N,N,,,,
1000108,N,N,,,4,2013-03-28 03:52:06.000000,Provider Conversion,2025-11-20 05:50:14.783000,DEDEMILLS,Y,Y,,N,N,NA,Y,Y,
1000109,N,N,,,6,2013-03-28 03:52:06.000000,Provider Conversion,2015-07-10 10:39:22.994000,MMANYGUNS,N,Y,,N,N,,,,
1000110,N,N,,,3,2013-03-28 03:52:06.000000,Provider Conversion,2025-08-13 11:50:57.093000,THENDERSON,N,Y,,N,N,,N,N,
1000111,N,N,,,0,2013-03-28 03:52:06.000000,Provider Conversion,2013-03-28 03:52:06.000000,Provider Conversion,N,Y,,N,N,,,,
1000112,N,N,,,2,2013-03-28 03:52:06.000000,Provider Conversion,2025-11-20 15:28:48.606000,CKRAFT,N,Y,,N,N,,N,N,
1000113,N,N,,,0,2013-03-28 03:52:06.000000,Provider Conversion,2013-03-28 03:52:06.000000,Provider Conversion,N,Y,,N,N,,,,
1000114,N,N,,,2,2013-03-28 03:52:06.000000,Provider Conversion,2015-08-21 10:44:59.374000,THENDERSON,N,Y,,N,N,,,,
1000115,N,N,,,1,2013-03-28 03:52:06.000000,Provider Conversion,2025-11-20 15:29:31.283000,CKRAFT,N,Y,,N,N,,N,N,
1000116,N,N,,,4,2013-03-28 03:52:06.000000,Provider Conversion,2015-06-29 13:42:44.366000,MMANYGUNS,N,Y,,N,N,,,,
1000117,N,N,,,0,2013-03-28 03:52:06.000000,Provider Conversion,2013-03-28 03:52:06.000000,Provider Conversion,N,Y,,N,N,,,,
1000118,N,N,,,7,2013-03-28 03:52:06.000000,Provider Conversion,2026-03-17 08:32:41.660000,DEDEMILLS,N,Y,,N,N,NA,Y,N,
1000119,N,N,,,3,2013-03-28 03:52:06.000000,Provider Conversion,2025-12-15 07:46:02.423000,LWICK,N,Y,,N,N,,N,N,
1000120,N,N,,,3,2013-03-28 03:52:06.000000,Provider Conversion,2015-06-08 14:28:53.031000,JMLAGRO,N,Y,,N,N,,,,
1000121,N,N,,,6,2013-03-28 03:52:06.000000,Provider Conversion,2025-10-01 15:59:51.203000,TDGROTH,N,Y,,N,N,,N,N,
1000122,N,N,,,0,2013-03-28 03:52:06.000000,Provider Conversion,2013-03-28 03:52:06.000000,Provider Conversion,N,Y,,N,N,,,,
1000123,N,N,,,0,2013-03-28 03:52:06.000000,Provider Conversion,2013-03-28 03:52:06.000000,Provider Conversion,N,Y,,N,N,,,,
1000124,N,N,,,2,2013-03-28 03:52:06.000000,Provider Conversion,2025-11-20 13:18:53.852000,CKRAFT,N,Y,,N,N,,N,N,
1000125,N,N,,,1,2013-03-28 03:52:06.000000,Provider Conversion,2025-10-01 13:38:29.803000,TDGROTH,N,Y,,N,N,,N,N,
1000126,N,N,,,0,2013-03-28 03:52:06.000000,Provider Conversion,2013-03-28 03:52:06.000000,Provider Conversion,N,Y,,N,N,,,,
1000127,N,N,,,0,2013-03-28 03:52:06.000000,Provider Conversion,2013-03-28 03:52:06.000000,Provider Conversion,N,Y,,N,N,,,,
1000128,N,N,,,0,2013-03-28 03:52:06.000000,Provider Conversion,2013-03-28 03:52:06.000000,Provider Conversion,N,Y,,N,N,,,,
1000129,N,N,,,0,2013-03-28 03:52:06.000000,Provider Conversion,2013-03-28 03:52:06.000000,Provider Conversion,N,Y,,N,N,,,,
1000130,N,N,,,1,2013-03-28 03:52:06.000000,Provider Conversion,2025-10-02 08:28:39.080000,TDGROTH,N,Y,,N,N,,N,N,
1000131,N,N,,,0,2013-03-28 03:52:06.000000,Provider Conversion,2013-03-28 03:52:06.000000,Provider Conversion,N,Y,,N,N,,,,
1000132,N,N,,,0,2013-03-28 03:52:06.000000,Provider Conversion,2013-03-28 03:52:06.000000,Provider Conversion,N,Y,,N,N,,,,
1000133,N,N,,,0,2013-03-28 03:52:06.000000,Provider Conversion,2013-03-28 03:52:06.000000,Provider Conversion,N,Y,,N,N,,,,
1000134,N,N,,,0,2013-03-28 03:52:06.000000,Provider Conversion,2013-03-28 03:52:06.000000,Provider Conversion,N,Y,,N,N,,,,
1000135,N,N,,,0,2013-03-28 03:52:06.000000,Provider Conversion,2013-03-28 03:52:06.000000,Provider Conversion,N,Y,,N,N,,,,
1000136,N,N,,,0,2013-03-28 03:52:06.000000,Provider Conversion,2013-03-28 03:52:06.000000,Provider Conversion,N,Y,,N,N,,,,
1000137,N,N,,,0,2013-03-28 03:52:06.000000,Provider Conversion,2013-03-28 03:52:06.000000,Provider Conversion,N,Y,,N,N,,,,
1000138,N,N,,,0,2013-03-28 03:52:06.000000,Provider Conversion,2013-03-28 03:52:06.000000,Provider Conversion,N,Y,,N,N,,,,
1000139,N,N,,,0,2013-03-28 03:52:06.000000,Provider Conversion,2013-03-28 03:52:06.000000,Provider Conversion,N,Y,,N,N,,,,
1000140,N,N,,,0,2013-03-28 03:52:06.000000,Provider Conversion,2013-03-28 03:52:06.000000,Provider Conversion,N,Y,,N,N,,,,
1000141,N,N,,,0,2013-03-28 03:52:06.000000,Provider Conversion,2013-03-28 03:52:06.000000,Provider Conversion,N,Y,,N,N,,,,
1000142,N,N,,,0,2013-03-28 03:52:06.000000,Provider Conversion,2013-03-28 03:52:06.000000,Provider Conversion,N,Y,,N,N,,,,
1000143,N,N,,,0,2013-03-28 03:52:06.000000,Provider Conversion,2013-03-28 03:52:06.000000,Provider Conversion,N,Y,,N,N,,,,
1000144,N,N,,,0,2013-03-28 03:52:06.000000,Provider Conversion,2013-03-28 03:52:06.000000,Provider Conversion,N,Y,,N,N,,,,
1000145,N,N,,,0,2013-03-28 03:52:06.000000,Provider Conversion,2013-03-28 03:52:06.000000,Provider Conversion,N,Y,,N,N,,,,
1000146,N,N,,,0,2013-03-28 03:52:06.000000,Provider Conversion,2013-03-28 03:52:06.000000,Provider Conversion,N,Y,,N,N,,,,
1000147,N,N,,,0,2013-03-28 03:52:06.000000,Provider Conversion,2013-03-28 03:52:06.000000,Provider Conversion,N,Y,,N,N,,,,
1000148,N,N,,,0,2013-03-28 03:52:06.000000,Provider Conversion,2013-03-28 03:52:06.000000,Provider Conversion,N,Y,,N,N,,,,
1000149,N,N,,,3,2013-03-28 03:52:06.000000,Provider Conversion,2025-09-16 10:29:05.289000,PEGBROSSART,Y,Y,,N,N,www.sanfordhealth.org,Y,Y,
1000150,N,N,,,0,2013-03-28 03:52:06.000000,Provider Conversion,2013-03-28 03:52:06.000000,Provider Conversion,N,Y,,N,N,,,,
1000151,N,N,,,0,2013-03-28 03:52:06.000000,Provider Conversion,2013-03-28 03:52:06.000000,Provider Conversion,N,Y,,N,N,,,,
1000152,N,N,,,0,2013-03-28 03:52:06.000000,Provider Conversion,2013-03-28 03:52:06.000000,Provider Conversion,N,Y,,N,N,,,,
1000153,N,N,,,0,2013-03-28 03:52:06.000000,Provider Conversion,2013-03-28 03:52:06.000000,Provider Conversion,N,Y,,N,N,,,,
1000154,N,N,,,0,2013-03-28 03:52:06.000000,Provider Conversion,2013-03-28 03:52:06.000000,Provider Conversion,N,Y,,N,N,,,,
1000155,N,N,,,0,2013-03-28 03:52:06.000000,Provider Conversion,2013-03-28 03:52:06.000000,Provider Conversion,N,Y,,N,N,,,,
1000156,N,N,,,0,2013-03-28 03:52:06.000000,Provider Conversion,2013-03-28 03:52:06.000000,Provider Conversion,N,Y,,N,N,,,,
1000157,N,N,,,3,2013-03-28 03:52:06.000000,Provider Conversion,2015-07-27 14:15:43.127000,NEERUSHARMA,N,Y,,N,N,,,,
1000158,N,N,,,0,2013-03-28 03:52:06.000000,Provider Conversion,2013-03-28 03:52:06.000000,Provider Conversion,N,Y,,N,N,,,,
1000159,N,N,,,0,2013-03-28 03:52:06.000000,Provider Conversion,2013-03-28 03:52:06.000000,Provider Conversion,N,Y,,N,N,,,,
1000160,N,N,,,2,2013-03-28 03:52:06.000000,Provider Conversion,2025-09-09 16:46:45.820000,KAMELTZER,N,Y,,N,N,,N,N,
1000161,N,N,,,0,2013-03-28 03:52:06.000000,Provider Conversion,2013-03-28 03:52:06.000000,Provider Conversion,N,Y,,N,N,,,,
1000162,N,N,,,0,2013-03-28 03:52:06.000000,Provider Conversion,2013-03-28 03:52:06.000000,Provider Conversion,N,Y,,N,N,,,,
1000163,N,N,,,0,2013-03-28 03:52:06.000000,Provider Conversion,2013-03-28 03:52:06.000000,Provider Conversion,N,Y,,N,N,,,,
1000164,N,N,,,0,2013-03-28 03:52:06.000000,Provider Conversion,2013-03-28 03:52:06.000000,Provider Conversion,N,Y,,N,N,,,,
1000165,N,N,,,0,2013-03-28 03:52:06.000000,Provider Conversion,2013-03-28 03:52:06.000000,Provider Conversion,N,Y,,N,N,,,,
1000166,N,N,,,0,2013-03-28 03:52:06.000000,Provider Conversion,2013-03-28 03:52:06.000000,Provider Conversion,N,Y,,N,N,,,,
1000167,N,N,,,2,2013-03-28 03:52:06.000000,Provider Conversion,2015-08-14 10:42:53.251000,THENDERSON,N,Y,,N,N,,,,
1000168,N,N,,,1,2013-03-28 03:52:06.000000,Provider Conversion,2025-07-08 17:26:16.880000,SHOWES,N,Y,,N,N,,N,N,
1000169,N,N,,,0,2013-03-28 03:52:06.000000,Provider Conversion,2013-03-28 03:52:06.000000,Provider Conversion,N,Y,,N,N,,,,
1000170,N,N,,,0,2013-03-28 03:52:06.000000,Provider Conversion,2013-03-28 03:52:06.000000,Provider Conversion,N,Y,,N,N,,,,
1000171,N,N,,,0,2013-03-28 03:52:06.000000,Provider Conversion,2013-03-28 03:52:06.000000,Provider Conversion,N,Y,,N,N,,,,
1000172,N,N,,,0,2013-03-28 03:52:06.000000,Provider Conversion,2013-03-28 03:52:06.000000,Provider Conversion,N,Y,,N,N,,,,
1000173,N,N,,,2,2013-03-28 03:52:06.000000,Provider Conversion,2025-07-08 15:33:54.394000,SHOWES,N,Y,,N,N,,N,N,
1000174,N,N,,,0,2013-03-28 03:52:06.000000,Provider Conversion,2013-03-28 03:52:06.000000,Provider Conversion,N,Y,,N,N,,,,
1000175,N,N,,,0,2013-03-28 03:52:06.000000,Provider Conversion,2013-03-28 03:52:06.000000,Provider Conversion,N,Y,,N,N,,,,
1000176,N,N,,,1,2013-03-28 03:52:06.000000,Provider Conversion,2025-12-23 14:29:05.141000,MLADAMS,N,Y,,N,N,,N,N,
1000177,N,N,,,0,2013-03-28 03:52:06.000000,Provider Conversion,2013-03-28 03:52:06.000000,Provider Conversion,N,Y,,N,N,,,,
1000178,N,N,,,0,2013-03-28 03:52:06.000000,Provider Conversion,2013-03-28 03:52:06.000000,Provider Conversion,N,Y,,N,N,,,,
1000179,N,N,,,0,2013-03-28 03:52:06.000000,Provider Conversion,2013-03-28 03:52:06.000000,Provider Conversion,N,Y,,N,N,,,,
1000180,N,N,,,0,2013-03-28 03:52:06.000000,Provider Conversion,2013-03-28 03:52:06.000000,Provider Conversion,N,Y,,N,N,,,,
1000181,N,N,,,0,2013-03-28 03:52:06.000000,Provider Conversion,2013-03-28 03:52:06.000000,Provider Conversion,N,Y,,N,N,,,,
1000182,N,N,,,0,2013-03-28 03:52:06.000000,Provider Conversion,2013-03-28 03:52:06.000000,Provider Conversion,N,Y,,N,N,,,,
1000183,N,N,,,0,2013-03-28 03:52:06.000000,Provider Conversion,2013-03-28 03:52:06.000000,Provider Conversion,N,Y,,N,N,,,,
1000184,N,N,,,0,2013-03-28 03:52:06.000000,Provider Conversion,2013-03-28 03:52:06.000000,Provider Conversion,N,Y,,N,N,,,,
1000185,N,N,,,0,2013-03-28 03:52:06.000000,Provider Conversion,2013-03-28 03:52:06.000000,Provider Conversion,N,Y,,N,N,,,,
1000186,N,N,,,0,2013-03-28 03:52:06.000000,Provider Conversion,2013-03-28 03:52:06.000000,Provider Conversion,N,Y,,N,N,,,,
1000187,N,N,,,1,2013-03-28 03:52:06.000000,Provider Conversion,2025-09-29 08:57:30.292000,PEGBROSSART,N,Y,,N,N,,N,N,
1000188,N,N,,,1,2013-03-28 03:52:06.000000,Provider Conversion,2025-12-22 10:09:40.968000,TDGROTH,N,Y,,N,N,,N,N,
1000189,N,N,,,0,2013-03-28 03:52:06.000000,Provider Conversion,2013-03-28 03:52:06.000000,Provider Conversion,N,Y,,N,N,,,,
1000190,N,N,,,1,2013-03-28 03:52:06.000000,Provider Conversion,2026-01-13 09:56:36.362000,TDGROTH,N,Y,,N,N,,N,N,
1000191,N,N,,,1,2013-03-28 03:52:06.000000,Provider Conversion,2025-11-12 12:04:36.114000,KAYLAMRAHRICH,N,Y,,N,N,,N,N,
1000192,N,N,,,1,2013-03-28 03:52:06.000000,Provider Conversion,2026-03-31 14:47:23.136000,TDGROTH,N,Y,,N,N,,N,N,
1000193,N,N,,,1,2013-03-28 03:52:06.000000,Provider Conversion,2025-11-21 12:36:37.695000,TOMEYER,N,Y,,N,N,,N,N,
1000194,N,N,,,1,2013-03-28 03:52:06.000000,Provider Conversion,2025-11-11 08:57:33.038000,TONIWORKMAN,N,Y,,N,N,,N,N,
1000195,N,N,,,1,2013-03-28 03:52:06.000000,Provider Conversion,2026-03-19 11:30:22.563000,TDGROTH,N,Y,,N,N,,N,N,
1000196,N,N,,,1,2013-03-28 03:52:06.000000,Provider Conversion,2025-11-21 12:42:06.070000,TOMEYER,N,Y,,N,N,,N,N,
1000197,N,N,,,1,2013-03-28 03:52:06.000000,Provider Conversion,2025-11-11 00:29:59.651000,LARSONJENNIFER,N,Y,,N,N,,N,N,
1000198,N,N,,,1,2013-03-28 03:52:06.000000,Provider Conversion,2026-01-12 15:34:06.980000,TDGROTH,N,Y,,N,N,,N,N,
1000199,N,N,,,1,2013-03-28 03:52:06.000000,Provider Conversion,2015-08-10 09:37:20.080000,MMANYGUNS,N,Y,,N,N,,,,
1000200,N,N,,,1,2013-03-28 03:52:06.000000,Provider Conversion,2025-11-12 12:02:53.015000,KAYLAMRAHRICH,N,Y,,N,N,,N,N,
1000201,N,N,,,0,2013-03-28 03:52:06.000000,Provider Conversion,2013-03-28 03:52:06.000000,Provider Conversion,N,Y,,N,N,,,,
1000202,N,N,,,1,2013-03-28 03:52:06.000000,Provider Conversion,2026-03-19 13:04:32.409000,TDGROTH,N,Y,,N,N,,N,N,
1000203,N,N,,,0,2013-03-28 03:52:06.000000,Provider Conversion,2013-03-28 03:52:06.000000,Provider Conversion,N,Y,,N,N,,,,
1000204,N,N,,,0,2013-03-28 03:52:06.000000,Provider Conversion,2013-03-28 03:52:06.000000,Provider Conversion,N,Y,,N,N,,,,
1000205,N,N,,,1,2013-03-28 03:52:06.000000,Provider Conversion,2025-11-11 09:00:10.748000,TONIWORKMAN,N,Y,,N,N,,N,N,
1000206,N,N,,,0,2013-03-28 03:52:06.000000,Provider Conversion,2013-03-28 03:52:06.000000,Provider Conversion,N,Y,,N,N,,,,
1000207,N,N,,,1,2013-03-28 03:52:06.000000,Provider Conversion,2025-11-20 13:22:54.409000,CKRAFT,N,Y,,N,N,,N,N,
1000208,N,N,,,0,2013-03-28 03:52:06.000000,Provider Conversion,2013-03-28 03:52:06.000000,Provider Conversion,N,Y,,N,N,,,,
1000209,N,N,,,0,2013-03-28 03:52:06.000000,Provider Conversion,2013-03-28 03:52:06.000000,Provider Conversion,N,Y,,N,N,,,,
1000210,N,N,,,0,2013-03-28 03:52:06.000000,Provider Conversion,2013-03-28 03:52:06.000000,Provider Conversion,N,Y,,N,N,,,,
1000211,N,N,,,0,2013-03-28 03:52:06.000000,Provider Conversion,2013-03-28 03:52:06.000000,Provider Conversion,N,Y,,N,N,,,,
1000212,N,N,,,0,2013-03-28 03:52:06.000000,Provider Conversion,2013-03-28 03:52:06.000000,Provider Conversion,N,Y,,N,N,,,,
1000213,N,N,,,0,2013-03-28 03:52:06.000000,Provider Conversion,2013-03-28 03:52:06.000000,Provider Conversion,N,Y,,N,N,,,,
1000214,N,N,,,0,2013-03-28 03:52:06.000000,Provider Conversion,2013-03-28 03:52:06.000000,Provider Conversion,N,Y,,N,N,,,,
1000215,N,N,,,6,2013-03-28 03:52:06.000000,Provider Conversion,2015-08-18 14:13:58.270000,TWOLF,N,Y,,N,N,,,,
1000216,N,N,,,0,2013-03-28 03:52:06.000000,Provider Conversion,2013-03-28 03:52:06.000000,Provider Conversion,N,Y,,N,N,,,,
1000217,N,N,,,3,2013-03-28 03:52:06.000000,Provider Conversion,2025-09-29 15:41:11.534000,CLOWENS,N,Y,,Y,N,,N,N,
1000218,N,N,,,0,2013-03-28 03:52:06.000000,Provider Conversion,2013-03-28 03:52:06.000000,Provider Conversion,N,Y,,N,N,,,,
1000219,N,N,,,0,2013-03-28 03:52:06.000000,Provider Conversion,2013-03-28 03:52:06.000000,Provider Conversion,N,Y,,N,N,,,,
1000220,N,N,,,0,2013-03-28 03:52:06.000000,Provider Conversion,2013-03-28 03:52:06.000000,Provider Conversion,N,Y,,N,N,,,,
1000221,N,N,,,3,2013-03-28 03:52:06.000000,Provider Conversion,2025-10-02 09:16:58.648000,TDGROTH,N,Y,,N,N,,N,N,
1000222,N,N,,,4,2013-03-28 03:52:06.000000,Provider Conversion,2025-11-14 07:51:12.979000,DEDEMILLS,N,Y,,N,N,,N,N,
1000223,N,N,,,0,2013-03-28 03:52:06.000000,Provider Conversion,2013-03-28 03:52:06.000000,Provider Conversion,N,Y,,N,N,,,,
1000224,N,N,,,1,2013-03-28 03:52:06.000000,Provider Conversion,2015-06-26 11:17:56.424000,NEERUSHARMA,N,Y,,N,N,,,,
1000225,N,N,,,0,2013-03-28 03:52:06.000000,Provider Conversion,2013-03-28 03:52:06.000000,Provider Conversion,N,Y,,N,N,,,,
1000226,N,N,,,0,2013-03-28 03:52:06.000000,Provider Conversion,2013-03-28 03:52:06.000000,Provider Conversion,N,Y,,N,N,,,,
1000227,N,N,,,0,2013-03-28 03:52:06.000000,Provider Conversion,2013-03-28 03:52:06.000000,Provider Conversion,N,Y,,N,N,,,,
1000228,N,N,,,0,2013-03-28 03:52:06.000000,Provider Conversion,2013-03-28 03:52:06.000000,Provider Conversion,N,Y,,N,N,,,,
1000229,N,N,,,4,2013-03-28 03:52:06.000000,Provider Conversion,2026-02-12 15:24:21.404000,ANDOLL,Y,Y,,N,N,avera.org/locations/profile/avera-medical-group-ur,Y,Y,
1000230,N,N,,,0,2013-03-28 03:52:06.000000,Provider Conversion,2013-03-28 03:52:06.000000,Provider Conversion,N,Y,,N,N,,,,
1000231,N,N,,,0,2013-03-28 03:52:06.000000,Provider Conversion,2013-03-28 03:52:06.000000,Provider Conversion,N,Y,,N,N,,,,
1000232,N,N,,,0,2013-03-28 03:52:06.000000,Provider Conversion,2013-03-28 03:52:06.000000,Provider Conversion,N,Y,,N,N,,,,
1000233,N,N,,,0,2013-03-28 03:52:06.000000,Provider Conversion,2013-03-28 03:52:06.000000,Provider Conversion,N,Y,,N,N,,,,
1000234,N,N,,,0,2013-03-28 03:52:06.000000,Provider Conversion,2013-03-28 03:52:06.000000,Provider Conversion,N,Y,,N,N,,,,
1000235,N,N,,,2,2013-03-28 03:52:06.000000,Provider Conversion,2015-08-10 16:53:16.704000,PJHEID,N,Y,,N,N,,,,
1000236,N,N,,,0,2013-03-28 03:52:06.000000,Provider Conversion,2013-03-28 03:52:06.000000,Provider Conversion,N,Y,,N,N,,,,
1000237,N,N,,,0,2013-03-28 03:52:06.000000,Provider Conversion,2013-03-28 03:52:06.000000,Provider Conversion,N,Y,,N,N,,,,
1000238,N,N,,,0,2013-03-28 03:52:06.000000,Provider Conversion,2013-03-28 03:52:06.000000,Provider Conversion,N,Y,,N,N,,,,
1000239,N,N,,,0,2013-03-28 03:52:06.000000,Provider Conversion,2013-03-28 03:52:06.000000,Provider Conversion,N,Y,,N,N,,,,
1000240,N,N,,,3,2013-03-28 03:52:06.000000,Provider Conversion,2015-08-03 14:33:14.545000,MAURICIOPENERAND,N,Y,,N,N,,,,
1000241,N,N,,,1,2013-03-28 03:52:06.000000,Provider Conversion,2025-07-07 13:29:57.493000,SHOWES,N,Y,,N,N,,N,N,
1000242,N,N,,,0,2013-03-28 03:52:06.000000,Provider Conversion,2013-03-28 03:52:06.000000,Provider Conversion,N,Y,,N,N,,,,
1000243,N,N,,,2,2013-03-28 03:52:06.000000,Provider Conversion,2015-07-21 12:49:48.147000,MMANYGUNS,N,Y,,N,N,,,,
1000244,N,N,,,0,2013-03-28 03:52:06.000000,Provider Conversion,2013-03-28 03:52:06.000000,Provider Conversion,N,Y,,N,N,,,,
1000245,N,N,,,0,2013-03-28 03:52:06.000000,Provider Conversion,2013-03-28 03:52:06.000000,Provider Conversion,N,Y,,N,N,,,,
1000246,N,N,,,0,2013-03-28 03:52:06.000000,Provider Conversion,2013-03-28 03:52:06.000000,Provider Conversion,N,Y,,N,N,,,,
1000247,N,N,,,6,2013-03-28 03:52:06.000000,Provider Conversion,2015-03-02 13:09:25.748000,JMLAGRO,N,Y,,N,N,,,,
1000248,N,N,,,1,2013-03-28 03:52:06.000000,Provider Conversion,2025-09-09 16:32:35.979000,KAMELTZER,N,Y,,N,N,,N,N,
1000249,N,N,,,1,2013-03-28 03:52:06.000000,Provider Conversion,2025-07-07 13:04:56.918000,SHOWES,N,Y,,N,N,,N,N,
1000250,N,N,,,0,2013-03-28 03:52:06.000000,Provider Conversion,2013-03-28 03:52:06.000000,Provider Conversion,N,Y,,N,N,,,,
1000251,N,N,,,0,2013-03-28 03:52:06.000000,Provider Conversion,2013-03-28 03:52:06.000000,Provider Conversion,N,Y,,N,N,,,,
1000252,N,N,,,0,2013-03-28 03:52:06.000000,Provider Conversion,2013-03-28 03:52:06.000000,Provider Conversion,N,Y,,N,N,,,,
1000253,N,N,,,2,2013-03-28 03:52:06.000000,Provider Conversion,2025-08-13 12:26:11.214000,DEDEMILLS,Y,Y,,N,N,NA,Y,Y,
1000254,N,N,,,3,2013-03-28 03:52:06.000000,Provider Conversion,2025-12-10 13:11:51.493000,TOMEYER,N,Y,,N,N,,N,N,
1000255,N,N,,,1,2013-03-28 03:52:06.000000,Provider Conversion,2025-09-10 17:23:13.435000,KAMELTZER,N,Y,,N,N,,N,N,
1000256,N,N,,,0,2013-03-28 03:52:06.000000,Provider Conversion,2013-03-28 03:52:06.000000,Provider Conversion,N,Y,,N,N,,,,
1000257,N,N,,,0,2013-03-28 03:52:06.000000,Provider Conversion,2013-03-28 03:52:06.000000,Provider Conversion,N,Y,,N,N,,,,
1000258,N,N,,,0,2013-03-28 03:52:06.000000,Provider Conversion,2013-03-28 03:52:06.000000,Provider Conversion,N,Y,,N,N,,,,
1000259,N,N,,,2,2013-03-28 03:52:06.000000,Provider Conversion,2015-08-03 14:57:25.920000,MAURICIOPENERAND,N,Y,,N,N,,,,
1000260,N,N,,,0,2013-03-28 03:52:06.000000,Provider Conversion,2013-03-28 03:52:06.000000,Provider Conversion,N,Y,,N,N,,,,
1000261,N,N,,,0,2013-03-28 03:52:06.000000,Provider Conversion,2013-03-28 03:52:06.000000,Provider Conversion,N,Y,,N,N,,,,
1000262,N,N,,,3,2013-03-28 03:52:06.000000,Provider Conversion,2015-08-11 12:39:16.890000,JMLAGRO,N,Y,,N,N,,,,
1000263,N,N,,,0,2013-03-28 03:52:06.000000,Provider Conversion,2013-03-28 03:52:06.000000,Provider Conversion,N,Y,,N,N,,,,
1000264,N,N,,,3,2013-03-28 03:52:06.000000,Provider Conversion,2025-10-02 08:34:31.580000,TDGROTH,N,Y,,N,N,,N,N,
1000265,N,N,,,1,2013-03-28 03:52:06.000000,Provider Conversion,2025-09-09 17:03:59.570000,KAMELTZER,N,Y,,N,N,,N,N,
1000266,N,N,,,0,2013-03-28 03:52:06.000000,Provider Conversion,2013-03-28 03:52:06.000000,Provider Conversion,N,Y,,N,N,,,,
1000267,N,N,,,0,2013-03-28 03:52:06.000000,Provider Conversion,2013-03-28 03:52:06.000000,Provider Conversion,N,Y,,N,N,,,,
1000268,N,N,,,0,2013-03-28 03:52:06.000000,Provider Conversion,2013-03-28 03:52:06.000000,Provider Conversion,N,Y,,N,N,,,,
1000269,N,N,,,3,2013-03-28 03:52:06.000000,Provider Conversion,2015-06-29 16:22:43.320000,PJHEID,N,Y,,N,N,,,,
1000270,N,N,,,0,2013-03-28 03:52:06.000000,Provider Conversion,2013-03-28 03:52:06.000000,Provider Conversion,N,Y,,N,N,,,,
1000271,N,N,,,3,2013-03-28 03:52:06.000000,Provider Conversion,2025-07-18 14:18:27.666000,JJUVE,N,Y,,N,N,www.sanfordhealth.org,Y,Y,
1000272,N,N,,,0,2013-03-28 03:52:06.000000,Provider Conversion,2013-03-28 03:52:06.000000,Provider Conversion,N,Y,,N,N,,,,
1000273,N,N,,,0,2013-03-28 03:52:06.000000,Provider Conversion,2013-03-28 03:52:06.000000,Provider Conversion,N,Y,,N,N,,,,
1000274,N,N,,,0,2013-03-28 03:52:06.000000,Provider Conversion,2013-03-28 03:52:06.000000,Provider Conversion,N,Y,,N,N,,,,
1000275,N,N,,,0,2013-03-28 03:52:06.000000,Provider Conversion,2013-03-28 03:52:06.000000,Provider Conversion,N,Y,,N,N,,,,
1000276,N,N,,,0,2013-03-28 03:52:06.000000,Provider Conversion,2013-03-28 03:52:06.000000,Provider Conversion,N,Y,,N,N,,,,
1000277,N,N,,,2,2013-03-28 03:52:06.000000,Provider Conversion,2025-12-17 06:54:09.286000,DEDEMILLS,N,Y,,N,N,NA,Y,Y,
1000278,N,N,,,4,2013-03-28 03:52:06.000000,Provider Conversion,2015-08-20 15:10:52.187000,RRUD,N,Y,,N,N,,,,
1000279,N,N,,,0,2013-03-28 03:52:06.000000,Provider Conversion,2013-03-28 03:52:06.000000,Provider Conversion,N,Y,,N,N,,,,
1000280,N,N,,,0,2013-03-28 03:52:06.000000,Provider Conversion,2013-03-28 03:52:06.000000,Provider Conversion,N,Y,,N,N,,,,
1000281,N,N,,,0,2013-03-28 03:52:06.000000,Provider Conversion,2013-03-28 03:52:06.000000,Provider Conversion,N,Y,,N,N,,,,
1000282,N,N,,,0,2013-03-28 03:52:06.000000,Provider Conversion,2013-03-28 03:52:06.000000,Provider Conversion,N,Y,,N,N,,,,
1000283,N,N,,,0,2013-03-28 03:52:06.000000,Provider Conversion,2013-03-28 03:52:06.000000,Provider Conversion,N,Y,,N,N,,,,
1000284,N,N,,,0,2013-03-28 03:52:06.000000,Provider Conversion,2013-03-28 03:52:06.000000,Provider Conversion,N,Y,,N,N,,,,
1000285,N,N,,,0,2013-03-28 03:52:06.000000,Provider Conversion,2013-03-28 03:52:06.000000,Provider Conversion,N,Y,,N,N,,,,
1000286,N,N,,,5,2013-03-28 03:52:06.000000,Provider Conversion,2015-06-30 11:09:15.914000,PJHEID,N,Y,,N,N,,,,
1000287,N,N,,,0,2013-03-28 03:52:06.000000,Provider Conversion,2013-03-28 03:52:06.000000,Provider Conversion,N,Y,,N,N,,,,
1000288,N,N,,,0,2013-03-28 03:52:06.000000,Provider Conversion,2013-03-28 03:52:06.000000,Provider Conversion,N,Y,,N,N,,,,
1000289,N,N,,,0,2013-03-28 03:52:06.000000,Provider Conversion,2013-03-28 03:52:06.000000,Provider Conversion,N,Y,,N,N,,,,
1000290,N,N,,,1,2013-03-28 03:52:06.000000,Provider Conversion,2015-03-24 16:28:24.144000,ESTHERSHAHPAR,N,Y,,N,N,,,,
1000291,N,N,,,1,2013-03-28 03:52:06.000000,Provider Conversion,2025-09-09 16:39:05.653000,KAMELTZER,N,Y,,N,N,,N,N,
1000292,N,N,,,1,2013-03-28 03:52:06.000000,Provider Conversion,2025-11-04 13:52:03.405000,LWICK,N,Y,,N,N,,N,N,
1000293,N,N,,,0,2013-03-28 03:52:06.000000,Provider Conversion,2013-03-28 03:52:06.000000,Provider Conversion,N,Y,,N,N,,,,
1000294,N,N,,,2,2013-03-28 03:52:06.000000,Provider Conversion,2015-03-17 07:50:23.655000,JMLAGRO,N,Y,,N,N,,,,
1000295,N,N,,,0,2013-03-28 03:52:06.000000,Provider Conversion,2013-03-28 03:52:06.000000,Provider Conversion,N,Y,,N,N,,,,
1000296,N,N,,,0,2013-03-28 03:52:06.000000,Provider Conversion,2013-03-28 03:52:06.000000,Provider Conversion,N,Y,,N,N,,,,
1000297,N,N,,,0,2013-03-28 03:52:06.000000,Provider Conversion,2013-03-28 03:52:06.000000,Provider Conversion,N,Y,,N,N,,,,
1000298,N,N,,,0,2013-03-28 03:52:06.000000,Provider Conversion,2013-03-28 03:52:06.000000,Provider Conversion,N,Y,,N,N,,,,
1000299,N,N,,,0,2013-03-28 03:52:06.000000,Provider Conversion,2013-03-28 03:52:06.000000,Provider Conversion,N,Y,,N,N,,,,
1000300,N,N,,,0,2013-03-28 03:52:06.000000,Provider Conversion,2013-03-28 03:52:06.000000,Provider Conversion,N,Y,,N,N,,,,
1000301,N,N,,,0,2013-03-28 03:52:06.000000,Provider Conversion,2013-03-28 03:52:06.000000,Provider Conversion,N,Y,,N,N,,,,
1000302,N,N,,,8,2013-03-28 03:52:06.000000,Provider Conversion,2015-06-26 13:42:22.956000,CAROLREEVES,N,Y,,N,N,,,,
1000303,N,N,,,2,2013-03-28 03:52:06.000000,Provider Conversion,2025-11-26 08:12:45.865000,MLADAMS,N,Y,,N,N,,N,N,
1000304,N,N,,,0,2013-03-28 03:52:06.000000,Provider Conversion,2013-03-28 03:52:06.000000,Provider Conversion,N,Y,,N,N,,,,
1000305,N,N,,,0,2013-03-28 03:52:06.000000,Provider Conversion,2013-03-28 03:52:06.000000,Provider Conversion,N,Y,,N,N,,,,
1000306,N,N,,,1,2013-03-28 03:52:06.000000,Provider Conversion,2025-12-26 08:27:23.972000,MLADAMS,N,Y,,N,N,,N,N,
1000307,N,N,,,1,2013-03-28 03:52:06.000000,Provider Conversion,2015-06-26 13:21:37.130000,CAROLREEVES,N,Y,,N,N,,,,
1000308,N,N,,,0,2013-03-28 03:52:06.000000,Provider Conversion,2013-03-28 03:52:06.000000,Provider Conversion,N,Y,,N,N,,,,
1000309,N,N,,,0,2013-03-28 03:52:06.000000,Provider Conversion,2013-03-28 03:52:06.000000,Provider Conversion,N,Y,,N,N,,,,
1000310,N,N,,,0,2013-03-28 03:52:06.000000,Provider Conversion,2013-03-28 03:52:06.000000,Provider Conversion,N,Y,,N,N,,,,
1000311,N,N,,,0,2013-03-28 03:52:06.000000,Provider Conversion,2013-03-28 03:52:06.000000,Provider Conversion,N,Y,,N,N,,,,
1000312,N,N,,,2,2013-03-28 03:52:06.000000,Provider Conversion,2015-07-02 07:53:22.550000,JMLAGRO,N,Y,,N,N,,,,
1000313,N,N,,,0,2013-03-28 03:52:06.000000,Provider Conversion,2013-03-28 03:52:06.000000,Provider Conversion,N,Y,,N,N,,,,
1000314,N,N,,,0,2013-03-28 03:52:06.000000,Provider Conversion,2013-03-28 03:52:06.000000,Provider Conversion,N,Y,,N,N,,,,
1000315,N,N,,,0,2013-03-28 03:52:06.000000,Provider Conversion,2013-03-28 03:52:06.000000,Provider Conversion,N,Y,,N,N,,,,
1000316,N,N,,,4,2013-03-28 03:52:06.000000,Provider Conversion,2025-07-07 12:17:42.241000,SHOWES,N,Y,,N,N,,N,N,
1000317,N,N,,,0,2013-03-28 03:52:06.000000,Provider Conversion,2013-03-28 03:52:06.000000,Provider Conversion,N,Y,,N,N,,,,
1000318,N,N,,,0,2013-03-28 03:52:06.000000,Provider Conversion,2013-03-28 03:52:06.000000,Provider Conversion,N,Y,,N,N,,,,
1000319,N,N,,,0,2013-03-28 03:52:06.000000,Provider Conversion,2013-03-28 03:52:06.000000,Provider Conversion,N,Y,,N,N,,,,
1000320,N,N,,,0,2013-03-28 03:52:06.000000,Provider Conversion,2013-03-28 03:52:06.000000,Provider Conversion,N,Y,,N,N,,,,
1000321,N,N,,,0,2013-03-28 03:52:06.000000,Provider Conversion,2013-03-28 03:52:06.000000,Provider Conversion,N,Y,,N,N,,,,
1000322,N,N,,,0,2013-03-28 03:52:06.000000,Provider Conversion,2013-03-28 03:52:06.000000,Provider Conversion,N,Y,,N,N,,,,
1000323,N,N,,,0,2013-03-28 03:52:06.000000,Provider Conversion,2013-03-28 03:52:06.000000,Provider Conversion,N,Y,,N,N,,,,
1000324,N,N,,,0,2013-03-28 03:52:06.000000,Provider Conversion,2013-03-28 03:52:06.000000,Provider Conversion,N,Y,,N,N,,,,
1000325,N,N,,,2,2013-03-28 03:52:06.000000,Provider Conversion,2015-02-26 14:13:15.182000,MMANYGUNS,N,Y,,N,N,,,,
1000326,N,N,,,0,2013-03-28 03:52:06.000000,Provider Conversion,2013-03-28 03:52:06.000000,Provider Conversion,N,Y,,N,N,,,,
1000327,N,N,,,0,2013-03-28 03:52:06.000000,Provider Conversion,2013-03-28 03:52:06.000000,Provider Conversion,N,Y,,N,N,,,,
1000328,N,N,,,0,2013-03-28 03:52:06.000000,Provider Conversion,2013-03-28 03:52:06.000000,Provider Conversion,N,Y,,N,N,,,,
1000329,N,N,,,5,2013-03-28 03:52:06.000000,Provider Conversion,2026-02-10 14:29:13.672000,KAMELTZER,N,Y,,N,N,,N,N,
1000330,N,N,,,1,2013-03-28 03:52:06.000000,Provider Conversion,2015-02-26 12:34:40.870000,MMANYGUNS,N,Y,,N,N,,,,
1000331,N,N,,,0,2013-03-28 03:52:06.000000,Provider Conversion,2013-03-28 03:52:06.000000,Provider Conversion,N,Y,,N,N,,,,
1000332,N,N,,,0,2013-03-28 03:52:06.000000,Provider Conversion,2013-03-28 03:52:06.000000,Provider Conversion,N,Y,,N,N,,,,
1000333,N,N,,,0,2013-03-28 03:52:06.000000,Provider Conversion,2013-03-28 03:52:06.000000,Provider Conversion,N,Y,,N,N,,,,
1000334,N,N,,,1,2013-03-28 03:52:06.000000,Provider Conversion,2015-07-31 08:12:51.184000,CAROLREEVES,N,Y,,N,N,,,,
1000335,N,N,,,3,2013-03-28 03:52:06.000000,Provider Conversion,2015-07-22 15:00:33.331000,MMANYGUNS,N,Y,,N,N,,,,
1000336,N,N,,,6,2013-03-28 03:52:06.000000,Provider Conversion,2026-02-02 14:05:17.135000,TDGROTH,N,Y,,N,N,,N,N,
1000337,N,N,,,0,2013-03-28 03:52:06.000000,Provider Conversion,2013-03-28 03:52:06.000000,Provider Conversion,N,Y,,N,N,,,,
1000338,N,N,,,2,2013-03-28 03:52:06.000000,Provider Conversion,2025-07-31 07:59:32.215000,DEDEMILLS,Y,Y,,N,N,NA,Y,N,
1000339,N,N,,,0,2013-03-28 03:52:06.000000,Provider Conversion,2013-03-28 03:52:06.000000,Provider Conversion,N,Y,,N,N,,,,
1000340,N,N,,,3,2013-03-28 03:52:06.000000,Provider Conversion,2015-07-30 14:03:17.486000,USHASHA,N,Y,,N,N,,,,
1000341,N,N,,,0,2013-03-28 03:52:06.000000,Provider Conversion,2013-03-28 03:52:06.000000,Provider Conversion,N,Y,,N,N,,,,
1000342,N,N,,,0,2013-03-28 03:52:06.000000,Provider Conversion,2013-03-28 03:52:06.000000,Provider Conversion,N,Y,,N,N,,,,
1000343,N,N,,,0,2013-03-28 03:52:06.000000,Provider Conversion,2013-03-28 03:52:06.000000,Provider Conversion,N,Y,,N,N,,,,
1000688,N,N,,,0,2013-03-28 03:52:06.000000,Provider Conversion,2013-03-28 03:52:06.000000,Provider Conversion,N,Y,,N,N,,,,
1000689,N,N,,,0,2013-03-28 03:52:06.000000,Provider Conversion,2013-03-28 03:52:06.000000,Provider Conversion,N,Y,,N,N,,,,
1000690,N,N,,,4,2013-03-28 03:52:06.000000,Provider Conversion,2015-05-26 13:25:56.927000,PJHEID,N,Y,,N,N,,,,
1000691,N,N,,,13,2013-03-28 03:52:06.000000,Provider Conversion,2015-08-21 08:32:32.506000,THENDERSON,N,Y,,N,N,,,,
1000692,N,N,,,4,2013-03-28 03:52:06.000000,Provider Conversion,2015-06-24 12:54:35.689000,CAROLREEVES,N,Y,,N,N,,,,
1000693,N,N,,,4,2013-03-28 03:52:06.000000,Provider Conversion,2015-07-30 16:20:44.960000,USHASHA,N,Y,,N,N,,,,
1000694,N,N,,,2,2013-03-28 03:52:06.000000,Provider Conversion,2015-07-24 15:41:51.215000,MAURICIOPENERAND,N,Y,,N,N,,,,
1000695,N,N,,,1,2013-03-28 03:52:06.000000,Provider Conversion,2025-07-18 12:35:53.971000,SHOWES,N,Y,,N,N,,N,N,
1000696,N,N,,,0,2013-03-28 03:52:06.000000,Provider Conversion,2013-03-28 03:52:06.000000,Provider Conversion,N,Y,,N,N,,,,
1000697,N,N,,,3,2013-03-28 03:52:06.000000,Provider Conversion,2026-01-02 13:12:48.217000,LWICK,N,Y,,N,N,,N,N,
1000698,N,N,,,0,2013-03-28 03:52:06.000000,Provider Conversion,2013-03-28 03:52:06.000000,Provider Conversion,N,Y,,N,N,,,,
1000699,N,N,,,3,2013-03-28 03:52:06.000000,Provider Conversion,2015-03-02 13:48:49.481000,MMANYGUNS,N,Y,,N,N,,,,
1000700,N,N,,,2,2013-03-28 03:52:06.000000,Provider Conversion,2015-03-02 10:03:11.822000,MMANYGUNS,N,Y,,N,N,,,,
1000701,N,N,,,0,2013-03-28 03:52:06.000000,Provider Conversion,2013-03-28 03:52:06.000000,Provider Conversion,N,Y,,N,N,,,,
1000702,N,N,,,2,2013-03-28 03:52:06.000000,Provider Conversion,2025-07-22 08:11:20.545000,DEDEMILLS,Y,Y,,N,N,NA,Y,Y,
1000703,N,N,,,6,2013-03-28 03:52:06.000000,Provider Conversion,2026-02-12 15:07:07.607000,ANDOLL,Y,Y,,N,N,Avera.org/locations/profile/avera-medical-group-ea,Y,Y,
1000704,N,N,,,0,2013-03-28 03:52:06.000000,Provider Conversion,2013-03-28 03:52:06.000000,Provider Conversion,N,Y,,N,N,,,,
1000705,N,N,,,0,2013-03-28 03:52:06.000000,Provider Conversion,2013-03-28 03:52:06.000000,Provider Conversion,N,Y,,N,N,,,,
1000706,N,N,,,0,2013-03-28 03:52:06.000000,Provider Conversion,2013-03-28 03:52:06.000000,Provider Conversion,N,Y,,N,N,,,,
1000707,N,N,,,0,2013-03-28 03:52:06.000000,Provider Conversion,2013-03-28 03:52:06.000000,Provider Conversion,N,Y,,N,N,,,,
1000708,N,N,,,3,2013-03-28 03:52:06.000000,Provider Conversion,2015-06-30 10:14:32.692000,CAROLREEVES,N,Y,,N,N,,,,
1000709,N,N,,,4,2013-03-28 03:52:06.000000,Provider Conversion,2015-08-21 09:09:39.967000,THENDERSON,N,Y,,N,N,,,,
1000710,N,N,,,1,2013-03-28 03:52:06.000000,Provider Conversion,2015-02-23 14:27:39.383000,MMANYGUNS,N,Y,,N,N,,,,
1000711,N,N,,,7,2013-03-28 03:52:06.000000,Provider Conversion,2025-07-08 13:29:51.438000,SHOWES,N,Y,,N,N,,N,N,
1000712,N,N,,,0,2013-03-28 03:52:06.000000,Provider Conversion,2013-03-28 03:52:06.000000,Provider Conversion,N,Y,,N,N,,,,
1000713,N,N,,,4,2013-03-28 03:52:06.000000,Provider Conversion,2015-08-21 09:19:38.772000,THENDERSON,N,Y,,N,N,,,,
1000714,N,N,,,1,2013-03-28 03:52:06.000000,Provider Conversion,2025-07-07 16:04:57.401000,KAMELTZER,N,Y,,N,N,,N,N,
1000715,N,N,,,0,2013-03-28 03:52:06.000000,Provider Conversion,2013-03-28 03:52:06.000000,Provider Conversion,N,Y,,N,N,,,,
1000716,N,N,,,0,2013-03-28 03:52:06.000000,Provider Conversion,2013-03-28 03:52:06.000000,Provider Conversion,N,Y,,N,N,,,,
1000717,N,N,,,0,2013-03-28 03:52:06.000000,Provider Conversion,2013-03-28 03:52:06.000000,Provider Conversion,N,Y,,N,N,,,,
1000718,N,N,,,0,2013-03-28 03:52:06.000000,Provider Conversion,2013-03-28 03:52:06.000000,Provider Conversion,N,Y,,N,N,,,,
1000719,N,N,,,4,2013-03-28 03:52:06.000000,Provider Conversion,2015-07-30 14:27:05.927000,USHASHA,N,Y,,N,N,,,,
1000720,N,N,,,4,2013-03-28 03:52:06.000000,Provider Conversion,2015-08-18 09:18:52.492000,USHASHA,N,Y,,N,N,,,,
1000721,N,N,,,0,2013-03-28 03:52:06.000000,Provider Conversion,2013-03-28 03:52:06.000000,Provider Conversion,N,Y,,N,N,,,,
1000722,N,N,,,0,2013-03-28 03:52:06.000000,Provider Conversion,2013-03-28 03:52:06.000000,Provider Conversion,N,Y,,N,N,,,,
1000723,N,N,,,3,2013-03-28 03:52:06.000000,Provider Conversion,2025-12-10 13:14:48.787000,TOMEYER,N,Y,,N,N,,N,N,
1000724,N,N,,,0,2013-03-28 03:52:06.000000,Provider Conversion,2013-03-28 03:52:06.000000,Provider Conversion,N,Y,,N,N,,,,
1000725,N,N,,,1,2013-03-28 03:52:06.000000,Provider Conversion,2015-02-24 16:38:26.305000,MMANYGUNS,N,Y,,N,N,,,,
1000726,N,N,,,3,2013-03-28 03:52:06.000000,Provider Conversion,2015-06-12 08:52:20.730000,JMLAGRO,N,Y,,N,N,,,,
1000727,N,N,,,0,2013-03-28 03:52:06.000000,Provider Conversion,2013-03-28 03:52:06.000000,Provider Conversion,N,Y,,N,N,,,,
1000728,N,N,,,3,2013-03-28 03:52:06.000000,Provider Conversion,2025-12-03 09:52:12.927000,LWICK,N,Y,,N,N,,N,N,
1000729,N,N,,,3,2013-03-28 03:52:06.000000,Provider Conversion,2015-02-20 15:47:37.510000,JMLAGRO,N,Y,,N,N,,,,
1000730,N,N,,,0,2013-03-28 03:52:06.000000,Provider Conversion,2013-03-28 03:52:06.000000,Provider Conversion,N,Y,,N,N,,,,
1000731,N,N,,,0,2013-03-28 03:52:06.000000,Provider Conversion,2013-03-28 03:52:06.000000,Provider Conversion,N,Y,,N,N,,,,
1000732,N,N,,,0,2013-03-28 03:52:06.000000,Provider Conversion,2013-03-28 03:52:06.000000,Provider Conversion,N,Y,,N,N,,,,
1000733,N,N,,,0,2013-03-28 03:52:06.000000,Provider Conversion,2013-03-28 03:52:06.000000,Provider Conversion,N,Y,,N,N,,,,
1000734,N,N,,,0,2013-03-28 03:52:06.000000,Provider Conversion,2013-03-28 03:52:06.000000,Provider Conversion,N,Y,,N,N,,,,
1000735,N,N,,,0,2013-03-28 03:52:06.000000,Provider Conversion,2013-03-28 03:52:06.000000,Provider Conversion,N,Y,,N,N,,,,
1000736,N,N,,,4,2013-03-28 03:52:06.000000,Provider Conversion,2015-06-19 15:30:41.850000,CAROLREEVES,N,Y,,N,N,,,,
1000737,N,N,,,2,2013-03-28 03:52:06.000000,Provider Conversion,2015-08-03 15:42:55.793000,MAURICIOPENERAND,N,Y,,N,N,,,,
1000738,N,N,,,0,2013-03-28 03:52:06.000000,Provider Conversion,2013-03-28 03:52:06.000000,Provider Conversion,N,Y,,N,N,,,,
1000739,N,N,,,0,2013-03-28 03:52:06.000000,Provider Conversion,2013-03-28 03:52:06.000000,Provider Conversion,N,Y,,N,N,,,,
1000740,N,N,,,0,2013-03-28 03:52:06.000000,Provider Conversion,2013-03-28 03:52:06.000000,Provider Conversion,N,Y,,N,N,,,,
1000741,N,N,,,0,2013-03-28 03:52:06.000000,Provider Conversion,2013-03-28 03:52:06.000000,Provider Conversion,N,Y,,N,N,,,,
1000742,N,N,,,0,2013-03-28 03:52:06.000000,Provider Conversion,2013-03-28 03:52:06.000000,Provider Conversion,N,Y,,N,N,,,,
1000743,N,N,,,0,2013-03-28 03:52:06.000000,Provider Conversion,2013-03-28 03:52:06.000000,Provider Conversion,N,Y,,N,N,,,,
1000744,N,N,,,0,2013-03-28 03:52:06.000000,Provider Conversion,2013-03-28 03:52:06.000000,Provider Conversion,N,Y,,N,N,,,,
1000745,N,N,,,0,2013-03-28 03:52:06.000000,Provider Conversion,2013-03-28 03:52:06.000000,Provider Conversion,N,Y,,N,N,,,,
1000746,N,N,,,0,2013-03-28 03:52:06.000000,Provider Conversion,2013-03-28 03:52:06.000000,Provider Conversion,N,Y,,N,N,,,,
1000747,N,N,,,0,2013-03-28 03:52:06.000000,Provider Conversion,2013-03-28 03:52:06.000000,Provider Conversion,N,Y,,N,N,,,,
1000748,N,N,,,0,2013-03-28 03:52:06.000000,Provider Conversion,2013-03-28 03:52:06.000000,Provider Conversion,N,Y,,N,N,,,,
1000749,N,N,,,0,2013-03-28 03:52:06.000000,Provider Conversion,2013-03-28 03:52:06.000000,Provider Conversion,N,Y,,N,N,,,,
1000750,N,N,,,0,2013-03-28 03:52:06.000000,Provider Conversion,2013-03-28 03:52:06.000000,Provider Conversion,N,Y,,N,N,,,,
1000751,N,N,,,0,2013-03-28 03:52:06.000000,Provider Conversion,2013-03-28 03:52:06.000000,Provider Conversion,N,Y,,N,N,,,,
1000752,N,N,,,0,2013-03-28 03:52:06.000000,Provider Conversion,2013-03-28 03:52:06.000000,Provider Conversion,N,Y,,N,N,,,,
1000753,N,N,,,0,2013-03-28 03:52:06.000000,Provider Conversion,2013-03-28 03:52:06.000000,Provider Conversion,N,Y,,N,N,,,,
1000754,N,N,,,4,2013-03-28 03:52:06.000000,Provider Conversion,2015-08-21 09:21:09.936000,THENDERSON,N,Y,,N,N,,,,
1000755,N,N,,,4,2013-03-28 03:52:06.000000,Provider Conversion,2015-08-21 09:14:51.904000,THENDERSON,N,Y,,N,N,,,,
1000756,N,N,,,5,2013-03-28 03:52:06.000000,Provider Conversion,2015-08-21 09:22:38.917000,THENDERSON,N,Y,,N,N,,,,
